,ΙΣΧΥΣ (MW)_count,ΙΣΧΥΣ (MW)_sum,ΙΣΧΥΣ (MW)_mean,ΙΣΧΥΣ (MW)_min,ΙΣΧΥΣ (MW)_max,RSI_mean,RSI_min,RSI_max,RSI_ΠΕΡΙΦΕΡΕΙΑΚΗ ΕΝΟΤΗΤΑ_mean,RSI_ΠΕΡΙΦΕΡΕΙΑΚΗ ΕΝΟΤΗΤΑ_min,RSI_ΠΕΡΙΦΕΡΕΙΑΚΗ ΕΝΟΤΗΤΑ_max,RSI_ΔΗΜΟΣ _mean,RSI_ΔΗΜΟΣ _min,RSI_ΔΗΜΟΣ _max,RSI_ΔΗΜΟΤΙΚΗ ΕΝΟΤΗΤΑ_mean,RSI_ΔΗΜΟΤΙΚΗ ΕΝΟΤΗΤΑ_min,RSI_ΔΗΜΟΤΙΚΗ ΕΝΟΤΗΤΑ_max,RSI_ΘΕΣΗ_mean,RSI_ΘΕΣΗ_min,RSI_ΘΕΣΗ_max
1988-12-31,2.0,17.0,8.5,8.5,8.5,0.614962251201098,0.614962251201098,0.614962251201098,0.9737809334653376,0.9737809334653376,0.9737809334653376,0.9435728490224028,0.9435728490224028,0.9435728490224028,1.2884923358499198,1.2884923358499198,1.2884923358499198,9.01944635094944,9.01944635094944,9.01944635094944
1990-12-31,2.0,0.33,0.165,0.165,0.165,0.7182985386656006,0.7182985386656006,0.7182985386656006,2.1213338690237045,2.1213338690237045,2.1213338690237045,2.893716970052848,2.893716970052848,2.893716970052848,2.893716970052848,2.893716970052848,2.893716970052848,2.893716970052848,2.893716970052848,2.893716970052848
1991-12-31,6.0,2.27,0.3783333333333333,0.3,0.45,0.4789675437543875,0.113554180677421,0.7182985386656006,1.5861168233308696,0.5687939140238385,2.1434940518909986,4.459848211387501,2.0954502196934417,9.01944635094944,4.72593712817397,2.2646480635196204,9.01944635094944,4.397692198739324,1.2799132752156828,9.01944635094944
1992-12-31,14.0,47.510000000000005,3.393571428571429,0.7,10.8,0.7526774799505164,0.6050499119201409,1.1912476312574731,2.482483848733991,2.0161142824138696,4.04038546942984,2.4642883367615984,2.073110665112488,3.6169353387056127,3.2761510893102,0.8267762771579565,9.01944635094944,3.663931639624646,2.159490276158842,9.01944635094944
1993-12-31,4.0,13.2,3.3,0.6,6.0,1.574074877445167,1.1912476312574731,1.9569021236328608,1.619850334399172,1.219772744604591,2.0199279241937527,2.394162683875163,2.0669406928948915,2.7213846748554342,3.255485577978204,2.13009721406668,4.380873941889727,5.956581660501144,2.893716970052848,9.01944635094944
1996-12-31,5.0,23.168,4.6336,1.8,8.7,2.148633922986403,1.1912476312574731,3.5847133605797983,6.03200982203768,4.04038546942984,9.01944635094944,5.777939743603143,3.6169353387056127,9.01944635094944,5.686837360259647,3.465098033133118,9.01944635094944,9.01944635094944,9.01944635094944,9.01944635094944
1997-12-31,2.0,7.4,3.7,3.7,3.7,1.488012856741297,1.488012856741297,1.488012856741297,3.9532041453097535,3.9532041453097535,3.9532041453097535,5.087892813356094,5.087892813356094,5.087892813356094,7.70752688172043,7.70752688172043,7.70752688172043,9.01944635094944,9.01944635094944,9.01944635094944
1998-12-31,2.0,12.4,6.2,6.2,6.2,1.488012856741297,1.488012856741297,1.488012856741297,1.1534198681510532,1.1534198681510532,1.1534198681510532,4.008642822644195,4.008642822644195,4.008642822644195,9.01944635094944,9.01944635094944,9.01944635094944,9.01944635094944,9.01944635094944,9.01944635094944
1999-12-31,5.0,5.55,1.11,0.5,2.025,0.6729990879674167,0.6050499119201409,0.7182985386656006,2.0792460343797705,2.0161142824138696,2.1213338690237045,2.459659424544921,1.80857310628303,2.893716970052848,2.66221961244862,2.3149735760422785,2.893716970052848,2.893716970052848,2.893716970052848,2.893716970052848
2000-12-31,4.0,20.4,5.1,4.8,5.4,1.9569021236328608,1.9569021236328608,1.9569021236328608,2.0199279241937527,2.0199279241937527,2.0199279241937527,2.0669406928948915,2.0669406928948915,2.0669406928948915,2.13009721406668,2.13009721406668,2.13009721406668,2.893716970052848,2.893716970052848,2.893716970052848
2001-05-31,14.0,20.895,1.4925,0.83,2.155,2.306312002442674,0.9625758495247806,3.5847133605797983,5.607114559154995,4.546387591535489,6.667841526774502,5.5334889041409285,2.459849004804392,8.607128803477465,6.952597949078621,5.373287187799666,8.531908710357577,9.01944635094944,9.01944635094944,9.01944635094944
2001-06-30,294.0,1371.133,4.66371768707483,0.165,43.7,3.667444681243176,0.614962251201098,22.34889733840304,3.0159548859789957,0.0923779421419402,8.002241344806885,3.657565602009172,0.0524386415752874,9.993409378960708,4.661710459657183,0.1492579774388796,29.98022813688213,5.556858696698106,1.7362301820317088,11.992091254752852
2001-07-31,203.0,1169.907,5.763088669950738,0.28,27.4,4.748685552635052,0.904179014868094,22.34889733840304,4.521094097666527,0.7892015557080759,15.977952500607929,10.4578155300951,0.0931211275171771,128.58447488584474,11.896554742644124,1.607620538918249,128.58447488584474,12.412943522423843,1.607620538918249,128.58447488584474
2001-09-30,168.0,887.745,5.284196428571429,0.06,41.2,2.3910635076372797,0.3921498413456278,22.34889733840304,2.738589983741321,0.0924018408179225,8.782087029995775,4.185130276110474,0.1960749206728139,9.206526750696089,4.922820689163083,0.1471704532788952,9.993409378960708,6.513792196767533,0.5167351732237229,9.993409378960708
2001-10-31,80.0,477.05,5.963125,1.15,11.9,2.502206379123778,0.614962251201098,8.735246327652707,3.2156382957668077,0.3876552872900904,7.994727503168567,4.723341791870935,1.1867692567038737,9.467440464278566,5.220405878572452,1.2025928467932585,10.792882129277563,6.658997280950028,0.7234292425132121,22.4851711026616
2001-12-31,456.0,4021.3,8.818640350877194,0.1,46.3,4.031942162044635,0.069318446559265,29.98022813688213,3.7334057933458777,0.1395727566893954,29.98022813688213,7.175050860547737,0.1224613764755907,176.78923766816143,9.174934190788951,0.0860264795893318,176.78923766816143,12.019474094999683,0.7234292425132121,248.8888888888889
2002-01-31,62.0,452.85,7.304032258064517,0.7,17.1,3.648781019816703,0.614962251201098,22.11307607259391,3.4439340360093773,0.7326645094389125,8.782087029995775,3.83200534993723,0.7677208287895312,9.993409378960708,5.568240541622429,0.901937756899589,13.627376425855513,5.248088585165709,1.929144646701899,9.993409378960708
2002-03-31,40.0,322.313,8.057825,0.15,30.0,3.5858743728848146,1.488012856741297,22.34889733840304,2.392221320487955,0.6835882637074101,7.204550947622837,3.983937399877378,0.2793188956852372,7.617926821666771,4.451266051141486,0.4193038900263234,9.01944635094944,6.34420669668866,2.0669406928948915,9.01944635094944
2002-04-30,34.0,246.498,7.249941176470588,1.3,10.661,2.9455579611794844,0.6898857835171799,7.115346436370856,4.3048153408702365,0.3876552872900904,15.977952500607929,21.183215891160412,2.25486158773736,90.00913242009132,29.37844886515347,4.509723175474719,120.01217656012176,29.2926639743217,9.01944635094944,112.51141552511416
2002-07-31,138.0,1044.554,7.569231884057972,0.15,44.0,4.425431235264439,0.614962251201098,22.11307607259391,3.294342815362844,0.6097673519365856,8.782087029995775,3.6836835721986954,0.2793188956852372,11.242585551330798,4.512191461932594,0.4193038900263234,22.4851711026616,5.643603836367777,1.607620538918249,13.32454583861428
2002-09-30,21.0,158.44500000000002,7.545000000000001,1.035,10.8,1.9577541933835707,1.0258783910299256,4.45734552747942,1.421305658785016,0.3453572511939678,2.4695565021297923,1.951978473614156,0.7516205292457866,2.7689464207636703,4.925831531306405,1.6427522266784726,9.01944635094944,5.312848118168177,2.0669406928948915,9.01944635094944
2002-11-30,21.0,302.295,14.395,0.775,34.85,3.650638194292867,0.614962251201098,22.11307607259391,2.028099029082296,0.6840934478372487,8.002241344806885,2.214965763071497,0.9645723233509492,5.450950570342205,4.619771706858407,1.7568995889606576,7.994727503168567,5.622316631253211,2.0669406928948915,9.01944635094944
2002-12-31,79.0,1273.16,16.115949367088607,0.5,66.0,1.94885514977159,0.614962251201098,7.230080270384453,1.7599434933725715,0.4278188427875605,5.585119720480937,2.453307787917008,0.2628986604536832,9.993409378960708,4.662975757443868,0.7234292425132121,22.4851711026616,6.332326240043827,0.7234292425132121,22.4851711026616
2003-02-28,315.0,3576.262,11.3532126984127,0.25,48.0,3.006145556563172,0.43022386748087,22.34889733840304,3.236326970832192,0.2175261964690551,11.242585551330798,4.1217524850318,0.1099519369323305,11.242585551330798,4.96548858125901,0.904286553141515,29.98022813688213,6.105365225694704,1.607620538918249,29.98022813688213
2003-03-31,47.0,90.695,1.9296808510638297,0.13,8.0,12.562157224501492,0.6898857835171799,179.2,31.29005929184376,0.2630027237841174,323.1475409836066,65.99912662111295,1.8988308107261973,703.9999999999999,82.70151824112347,1.9132158926256384,896.0,847.0603445338475,9.01944635094944,9856.0
2003-05-31,102.0,1194.79,11.713627450980391,1.0,43.2,2.534251406882289,0.904179014868094,22.11307607259391,2.772265160875336,0.4278188427875605,8.002241344806885,3.5931431622302163,0.5996045627376426,9.993409378960708,6.022335143360383,0.4531016846883948,11.242585551330798,7.031476155809612,1.607620538918249,13.32454583861428
2003-07-31,32.0,397.47,12.4209375,1.8,50.0,3.940575232523411,1.1705590207400638,22.11307607259391,2.7511205881541465,0.3858289293403797,8.002241344806885,6.030452930374792,1.411569253684316,29.98022813688213,6.98934151183775,1.8796381277042085,29.98022813688213,7.547391153533015,0.5996045627376426,11.242585551330798
2003-08-31,20.0,406.7,20.335,1.1,50.0,1.4848168978332,0.9625758495247806,2.893716970052848,2.3838516309642857,0.8281681564124311,4.04038546942984,3.502517416293324,0.8476544659750767,6.499306929360626,4.1996916602825065,1.80857310628303,7.97587404588091,4.478587599350523,1.7362301820317088,9.01944635094944
2003-09-30,86.0,1308.7,15.217441860465115,0.105,42.0,5.167596183785974,0.904179014868094,29.98022813688213,4.652672900129384,0.1209851958544525,29.98022813688213,5.837699084249487,0.8476544659750767,29.98022813688213,5.6426532876166045,1.80857310628303,29.98022813688213,5.7989699554070855,1.7362301820317088,29.98022813688213
2003-10-31,22.0,83.52,3.796363636363637,2.46,5.4,3.1035735288781754,0.9625758495247806,8.735246327652707,5.358775033844744,1.720588468680072,10.263501524338023,7.0719824122866735,1.80857310628303,11.242585551330798,7.568973914565176,1.80857310628303,11.242585551330798,7.350241175621025,2.0899067005937235,9.01944635094944
2003-11-30,77.0,904.43,11.745844155844155,0.84,24.0,3.924815113126118,1.0258783910299256,22.11307607259391,3.062768628700732,0.848997610955954,10.263501524338023,3.762850364646088,0.5527324549539148,29.98022813688213,4.102361021343022,1.4776427081120924,11.242585551330798,4.477386441771429,0.9645723233509492,11.992091254752852
2003-12-31,82.0,873.04,10.646829268292684,0.83,24.0,3.696194230578575,0.43022386748087,29.98022813688213,2.832813397974717,0.1201344849652445,29.98022813688213,3.6209578743673023,0.1240133532032352,29.98022813688213,3.8900173228987054,0.4250657696122827,13.627376425855513,4.520599237042409,0.758993117389421,11.992091254752852
2004-01-31,21.0,19.6,0.9333333333333332,0.6,1.6,8.401377909857487,2.868333487859402,22.34889733840304,3.823313879179596,2.1213338690237045,8.002241344806885,3.8713140511323543,1.9532589547856725,9.743574144486692,3.752754154565317,2.0669406928948915,8.565779467680608,3.41142397744546,2.0669406928948915,8.565779467680608
2004-02-29,113.0,1064.68,9.421946902654868,0.6,39.1,5.137291260241865,0.9804369997218532,22.34889733840304,3.309379125792195,0.3350439402714476,8.782087029995775,3.370598328529706,0.5019520692628666,9.993409378960708,3.5111870464519432,0.7312250765093202,11.242585551330798,4.039972001516218,0.9645723233509492,11.992091254752852
2004-03-31,22.0,341.946,15.543,0.27,22.0,2.562500683561041,0.9804369997218532,4.45734552747942,2.343308555539556,0.0938348298493963,5.821916875362013,2.959710616383464,0.1581266103854015,9.01944635094944,3.1444687814295547,0.3179908758299833,9.01944635094944,5.020968183199726,1.1129680654049416,9.993409378960708
2004-06-30,44.0,267.866,6.087863636363636,0.6,19.2,4.001711601423825,0.3562539937992569,22.34889733840304,2.7962874320343896,0.1963259769092707,10.263501524338023,3.770404897941035,0.5527324549539148,29.98022813688213,3.9596269667212423,1.0885538699421735,8.565779467680608,6.062409501904059,1.80857310628303,11.242585551330798
2004-07-31,31.0,108.774,3.5088387096774194,0.163,10.0,5.585565925701895,0.614962251201098,29.98022813688213,7.036923857510429,0.7533937673510374,29.98022813688213,7.9421252139976595,1.845599012395911,29.98022813688213,6.29856828239457,1.866914174227644,29.98022813688213,6.446417610630856,1.80857310628303,29.98022813688213
2004-09-30,57.0,545.6,9.571929824561405,0.6,38.0,4.168181500180207,1.1705590207400638,22.34889733840304,2.444259669977663,0.8281681564124311,9.111637963170056,2.825770250131117,0.4019051347295622,8.176425855513306,4.276920637896203,0.9224685580579116,11.242585551330798,4.672988768794649,1.80857310628303,11.242585551330798
2004-10-31,31.0,153.0,4.935483870967742,2.55,7.2,1.8825926496311636,0.43022386748087,8.735246327652707,2.063283916715476,0.2175261964690551,10.263501524338023,2.506571910518179,0.5327665743226226,13.491102661596958,2.5562437331389165,0.6757838309543103,11.242585551330798,3.039463990731885,1.33556167848593,11.242585551330798
2004-11-30,7.0,49.217,7.031,7.031,7.031,1.0506293994626057,1.0258783910299256,1.112506920544305,3.113856478303973,3.113856478303973,3.113856478303973,9.01944635094944,9.01944635094944,9.01944635094944,9.01944635094944,9.01944635094944,9.01944635094944,9.01944635094944,9.01944635094944,9.01944635094944
2004-12-31,14.0,20.405,1.4574999999999998,1.015,1.9,1.49551298153655,1.0258783910299256,2.121350046358174,2.1492806982518604,0.3453572511939678,3.9532041453097535,3.861467632421157,0.7215557080759551,6.601188995984735,8.155882338624494,7.292318326299546,9.01944635094944,9.01944635094944,9.01944635094944,9.01944635094944
2005-01-31,46.0,550.518,11.967782608695654,1.871,28.9,1.9697851532694175,0.6112478799334522,7.230080270384453,1.9537476381035368,0.3808740416663791,3.9532041453097535,2.9607828643507483,0.1353177000384425,8.176425855513306,3.535103202748662,0.0264266389959164,9.01944635094944,5.069666048538771,1.266001174398121,11.242585551330798
2005-03-31,36.0,397.19,11.033055555555556,0.47,27.6,2.824547661802733,0.069318446559265,22.11307607259391,2.8322954503790307,0.330057557470262,8.002241344806885,4.888626479363639,0.4904605033987878,29.98022813688213,3.514473199859365,0.3404372905944527,9.01944635094944,5.566014007930408,1.80857310628303,11.242585551330798
2005-06-30,80.0,1064.064,13.3008,0.49,35.2,2.4883988991153,0.43022386748087,22.11307607259391,1.7213359077165045,0.2175261964690551,8.002241344806885,2.5639000842414736,0.5327665743226226,10.00101471334348,12.614844887324487,0.2630651790957135,128.58447488584474,14.033920814102776,1.80857310628303,128.58447488584474
2005-07-31,89.0,420.983,4.73014606741573,0.431,20.0,1.2460795613858895,0.614962251201098,4.034965581374873,3.079374455646549,0.1209851958544525,6.667841526774502,4.317279907835832,0.4894273213693494,9.041656104773974,6.043541829368086,1.0307938686799358,9.82110921725449,7.709628513907502,1.1530856975723895,9.01944635094944
2005-08-31,14.0,126.0,9.0,8.0,10.0,3.203882567633599,1.5934034865332574,7.230080270384453,1.5624412328064154,1.0237983427506705,1.7778983888287134,1.557603851339392,1.4752282592426282,1.7635428315813015,1.2937259858921253,1.2401644157369347,1.4276299112801012,3.923751771405097,2.0669406928948915,8.565779467680608
2005-09-30,30.0,355.392,11.8464,2.0,30.6,2.7610917560405417,0.9625758495247806,8.735246327652707,4.114067860345325,0.7326645094389125,9.111637963170056,10.404576624677796,1.80857310628303,26.381987088647456,11.649022197857944,1.80857310628303,58.50593607305937,36.17729362139046,1.80857310628303,180.01826484018264
2005-11-30,62.0,223.625,3.6068548387096775,0.79,16.0,1.5320219814739755,0.069318446559265,7.230080270384453,2.449191143387727,0.1395727566893954,3.9532041453097535,5.816560965597803,0.1409728595778156,9.01944635094944,8.096238138997856,1.3627376425855513,9.01944635094944,8.883572692300161,1.80857310628303,29.98022813688213
2005-12-31,18.0,305.55,16.975,13.95,20.0,1.6702015034069162,1.1494804564834435,2.488477434286659,3.3310758117665884,0.7533937673510374,6.386320786554773,4.442495240153885,1.5157565081229205,9.041656104773974,4.673022192511111,1.3969668131289612,9.82110921725449,5.716187892563438,1.607620538918249,13.32454583861428
2006-02-28,39.0,629.0,16.128205128205128,1.4,42.0,2.25108958589524,0.9625758495247806,7.230080270384453,2.637320811957258,0.8281681564124311,6.667841526774502,3.882280667819806,1.045821911751702,8.607128803477465,4.677280378283596,1.2057154041886868,11.242585551330798,4.478411826321108,0.9645723233509492,11.242585551330798
2006-03-31,20.0,471.2,23.56,10.0,45.0,2.6956563862005902,1.1494804564834435,7.230080270384453,1.7248200064861,0.2571667424834133,6.66227291930714,3.683672636478826,0.6923840216370006,19.986818757921416,3.720374218676006,1.2830631848347531,19.986818757921416,6.260022482356119,1.7988136882129275,29.98022813688213
2006-04-30,64.0,1205.57,18.83703125,0.8,44.0,1.980447907752279,0.9625758495247806,7.230080270384453,2.6296042087061915,0.4278188427875605,14.990114068441065,3.123563265249138,0.6056611744824673,14.990114068441065,4.902966079264613,0.901937756899589,29.98022813688213,5.335407114219524,0.7234292425132121,22.4851711026616
2006-05-31,40.0,84.947,2.123675,1.304,3.0,2.9167904238014506,0.3562539937992569,19.27300380228137,0.8011650161526577,0.1963259769092707,1.7778983888287134,3.0889605919659235,0.7431207817421993,9.01944635094944,4.809395983613351,1.8602466236054025,10.70722433460076,6.747181631701663,1.791348600508906,9.01944635094944
2006-06-30,47.0,226.34,4.815744680851064,0.22,23.0,2.0030515977222056,0.3562539937992569,7.230080270384453,2.5910410522005307,0.848997610955954,6.667841526774502,3.125267984840994,0.5404911670980937,8.607128803477465,4.4562418945466415,0.2863316301888711,9.01944635094944,7.838412453793972,1.607620538918249,13.32454583861428
2006-07-31,7.0,168.0,24.0,24.0,24.0,3.203882567633599,1.5934034865332574,7.230080270384453,1.3803027026074357,0.848997610955954,1.592824739268028,4.097827810015429,1.989430416911333,9.368821292775666,3.923751771405097,2.0669406928948915,8.565779467680608,3.923751771405097,2.0669406928948915,8.565779467680608
2006-08-31,19.0,591.5,31.13157894736842,29.5,33.0,2.23939853410588,1.1705590207400638,3.709052864983877,2.068490536080725,1.2330924569121,3.217162894937584,3.1785421685311177,1.36793893129771,8.176425855513306,2.903320143849568,1.2830631848347531,8.176425855513306,6.30115958738158,1.607620538918249,13.32454583861428
2006-09-30,14.0,19.18,1.37,1.2,1.54,0.4749016724634648,0.3562539937992569,0.7715208691239847,1.223685127590184,0.8664970293488544,1.5808732258315137,2.7885007058718494,2.6071837108213223,2.9698177009223765,5.565190301649655,2.110934252349869,9.01944635094944,9.01944635094944,9.01944635094944,9.01944635094944
2006-10-31,125.0,1821.98,14.57584,0.24,40.0,2.376450837286465,0.9625758495247806,7.230080270384453,2.976353722898993,0.1963259769092707,13.32454583861428,4.49795076323059,0.2480328831473869,29.98022813688213,5.277780980369978,0.2800371261341465,29.98022813688213,7.072331385364041,1.1574867880211392,29.98022813688213
2006-11-30,8.0,12.0,1.5,1.5,1.5,0.904179014868094,0.904179014868094,0.904179014868094,2.657588453362256,2.657588453362256,2.657588453362256,6.944364268180329,3.4858941302318103,9.01944635094944,9.01944635094944,9.01944635094944,9.01944635094944,1.7598919709169638,1.7598919709169638,1.7598919709169638
2006-12-31,12.0,410.8,34.233333333333334,10.4,39.0,2.282583575240152,1.1705590207400638,4.034965581374873,3.3383019060779517,2.397651203758074,5.139467680608365,7.164647516383252,0.7234292425132121,22.4851711026616,8.238815850785782,0.7234292425132121,22.4851711026616,3.927302752588023,2.0256018790369934,8.994068441064638
2007-03-31,8.0,120.0,15.0,15.0,15.0,10.100976633505743,2.893716970052848,22.11307607259391,4.326674172442397,2.1213338690237045,8.002241344806885,4.483890068311501,2.073110665112488,8.501855740309857,4.167076217544972,2.170287727539636,7.495057034220532,3.695375595292584,2.3149735760422785,5.996045627376426
2007-05-31,30.0,61.276,2.042533333333333,1.947,2.19,0.9455670604788096,0.7412112482139035,1.5383370284978592,1.0685728495379154,0.6939302715207789,1.7773780683427511,1.181071186154848,0.765697850819475,1.6420679960431093,1.8347611309290957,1.3195189253917845,2.052584995053887,2.052584995053887,2.052584995053887,2.052584995053887
2007-06-30,12.0,117.5,9.791666666666666,4.2,20.0,2.651347096548955,1.1705590207400638,3.709052864983877,3.4619335420187998,1.3252528833689716,4.988134012482962,5.077516045270145,1.273235466823253,7.7948593155893535,15.994876905264968,2.4114308083773737,29.98022813688213,13.557627894411338,1.80857310628303,29.98022813688213
2007-07-31,7.0,7.35,1.05,1.05,1.05,0.8637565886463978,0.8563690686600919,0.8822253886121626,0.8144999733391659,0.8144999733391658,0.8144999733391658,0.0756215524493536,0.0756215524493537,0.0756215524493537,0.5131462487634717,0.5131462487634717,0.5131462487634717,2.052584995053887,2.052584995053887,2.052584995053887
2007-10-31,9.0,350.9715,38.996833333333335,38.99448,39.0,0.7755146593222076,0.7755146593222076,0.7755146593222076,0.7310139406957076,0.7310139406957076,0.7310139406957076,1.1995626594470763,1.1995626594470763,1.1995626594470763,1.250793981360962,1.250793981360962,1.250793981360962,2.052584995053887,2.052584995053887,2.052584995053887
2007-11-30,18.0,107.89435,5.994130555555556,0.99,11.0,0.9417353595883406,0.7755146593222076,1.308599371226013,1.6871317795676903,0.7310139406957076,2.936910629978578,2.0620999934221467,1.1995626594470763,3.236885419406154,3.9274175186251097,1.250793981360962,7.98442791723393,4.761919966791046,2.052584995053887,9.01944635094944
2007-12-31,7.0,8.75,1.25,1.25,1.25,0.7414882951034205,0.7412112482139035,0.7415991138592274,0.6939302715207789,0.6939302715207789,0.6939302715207789,1.0723222274824706,1.0723222274824706,1.0723222274824706,1.8521202184668828,1.8521202184668828,1.8521202184668828,2.052584995053887,2.052584995053887,2.052584995053887
2008-01-31,17.0,124.5,7.323529411764706,6.0,10.0,1.2368263192288325,0.7755146593222076,3.709052864983877,0.8163280481553549,0.4930036319349296,2.2207576397690465,2.733461656181692,1.1781653783268946,13.32454583861428,3.1673326073915344,1.607620538918249,13.32454583861428,2.823065432374973,2.052584995053887,8.565779467680608
2008-02-29,8.0,34.5312,4.3164,4.3164,4.3164,1.2138012541074663,1.154733435845598,1.2492419450645873,0.8456203155666647,0.8456203155666647,0.8456203155666647,0.5537549447087823,0.5537549447087823,0.5537549447087823,2.052584995053887,2.052584995053887,2.052584995053887,2.052584995053887,2.052584995053887,2.052584995053887
2008-03-31,10.0,15.745,1.5745,1.15,1.999,0.7755146593222076,0.7755146593222076,0.7755146593222076,0.8854951690948385,0.7310139406957076,1.0399763974939693,0.9049912883335038,0.507380560575118,1.3026020160918894,1.917546508537184,1.7825080220204803,2.052584995053887,2.052584995053887,2.052584995053887,2.052584995053887
2008-04-30,7.0,4.025,0.575,0.575,0.575,1.02791064430555,0.9625758495247806,1.1912476312574731,4.04038546942984,4.04038546942984,4.04038546942984,6.499306929360626,6.499306929360626,6.499306929360626,7.97587404588091,7.97587404588091,7.97587404588091,9.01944635094944,9.01944635094944,9.01944635094944
2008-05-31,46.0,672.24,14.61391304347826,0.53,31.8,1.8615439657355668,0.8563690686600919,7.230080270384453,3.0575568308387777,0.7326645094389125,6.667841526774502,3.565214221682358,1.273235466823253,8.565779467680608,4.54554025521021,1.446858485026424,14.990114068441065,4.6585051779735736,1.80857310628303,11.242585551330798
2008-06-30,5.0,49.95,9.99,9.99,9.99,1.5383370284978592,1.5383370284978592,1.5383370284978592,1.9004651815371496,1.9004651815371496,1.9004651815371496,1.9880683537658133,1.9880683537658133,1.9880683537658133,1.949732152164476,1.949732152164476,1.949732152164476,0.8552437479391195,0.8552437479391195,0.8552437479391195
2008-07-31,27.0,290.5512,10.761155555555556,1.32,34.0,1.205638241190342,0.6112478799334522,3.709052864983877,0.9733000823923734,0.1201344849652445,3.217162894937584,4.06932447877368,0.5131462487634717,29.98022813688213,2.6359038214349435,0.7269571857482515,8.565779467680608,4.517842363142655,1.653552554315913,9.01944635094944
2008-08-31,7.0,140.0,20.0,20.0,20.0,1.853159451622716,0.9804369997218532,4.034965581374873,1.058142885728859,0.4278188427875605,1.3102725029053786,1.6342489745168298,1.3412207324394636,1.7514602713477765,2.1304589817056074,1.9119201409277744,2.67680608365019,2.6209279531312446,2.170287727539636,3.747528517110266
2008-09-30,41.0,153.23399999999998,3.737414634146341,1.185,11.7,1.5222625868019048,0.3562539937992569,7.230080270384453,2.022563586492898,0.6430222019903327,3.9532041453097535,2.8623576955116445,0.7015163907146195,6.601188995984735,4.342577285928635,0.6841949983512955,9.01944635094944,6.263658914536401,1.80857310628303,11.242585551330798
2008-10-31,87.0,168.995,1.942471264367816,0.165,6.0,2.219786290540301,0.6050499119201409,2.893716970052848,1.9131947702137049,0.7310139406957076,2.893716970052848,1.935699541722125,0.364903999120691,2.893716970052848,2.195847533992304,0.5224761805591711,2.893716970052848,2.3751942251899703,0.7894557673284179,2.893716970052848
2008-11-30,23.0,165.02800000000002,7.175130434782609,1.98,15.3,1.315638345135717,0.8563690686600919,3.709052864983877,2.127354009718142,1.2330924569121,3.217162894937584,4.403999188428188,1.36793893129771,9.01944635094944,4.121863275546549,1.36793893129771,8.176425855513306,5.621490780799142,1.80857310628303,11.242585551330798
2008-12-31,124.0,407.2302,3.2841145161290326,0.3,10.8,1.261299868814644,0.113554180677421,3.709052864983877,2.1261073072938435,0.1201344849652445,9.01944635094944,3.2714476420150187,0.1240133532032352,9.01944635094944,5.113746381251152,0.7448503884939659,9.01944635094944,6.785918029149534,1.80857310628303,9.01944635094944
2009-01-31,14.0,131.6,9.4,9.4,9.4,1.0506293994626057,1.0258783910299256,1.112506920544305,2.936910629978578,2.936910629978578,2.936910629978578,3.236885419406154,3.236885419406154,3.236885419406154,6.0686398287252405,3.1178333065010406,9.01944635094944,9.01944635094944,9.01944635094944,9.01944635094944
2009-02-28,16.0,251.2,15.7,5.0,26.4,2.2243054723598434,0.7412112482139035,7.230080270384453,1.0945205715351132,0.6939302715207789,1.7778983888287134,1.5665226242047654,1.0723222274824706,2.3473832061068705,2.145221553251937,1.8521202184668828,2.893716970052848,3.50291445817642,1.929144646701899,9.993409378960708
2009-03-31,7.0,3.927000000000001,0.561,0.561,0.561,0.7137927033341616,0.614962251201098,0.7533248841873871,5.595114177029652,5.595114177029652,5.595114177029652,6.817849210166505,6.817849210166505,6.817849210166505,9.01944635094944,9.01944635094944,9.01944635094944,9.01944635094944,9.01944635094944,9.01944635094944
2009-04-30,36.0,250.66,6.962777777777777,1.98,13.2,1.184975621869205,0.43022386748087,3.5847133605797983,1.1057132263925509,0.1963259769092707,4.546387591535489,1.8318319430444503,0.3333257684275542,7.509012751508146,4.061133645483584,0.6757838309543103,9.01944635094944,5.596605867277272,1.929144646701899,9.993409378960708
2009-05-31,38.0,389.152,10.240842105263155,0.756,33.0,1.4559916363544476,0.5810780332229943,7.230080270384453,1.7715530597178402,0.6971043379428293,3.707075197454449,2.714600696430617,1.045821911751702,6.726366770199582,4.19211981007457,1.4776427081120924,9.01944635094944,5.496081378301512,1.80857310628303,11.242585551330798
2009-06-30,68.0,1149.101,16.898544117647056,1.98,29.9,3.284643615950739,0.7755146593222076,7.230080270384453,3.2818479805844,0.6971043379428293,5.585119720480937,3.778742265193639,1.3026020160918894,6.619634372623573,7.918264700814331,1.7825080220204803,29.98022813688213,5.178305478636533,0.4133881385789782,14.990114068441065
2009-07-31,35.0,432.469,12.356257142857142,1.473,39.6,0.7379654859463514,0.3562539937992569,0.904179014868094,1.3388865562966552,0.1209851958544525,3.707075197454449,1.7335428298630289,0.2138999134612515,4.066143846739501,2.9716826408256694,0.3892833611309095,6.645907837541691,7.457359554121602,1.607620538918249,13.32454583861428
2009-08-31,19.0,51.633,2.717526315789474,1.971,3.994,0.7629786303994966,0.7412112482139035,0.7755146593222076,0.8337649647298011,0.6939302715207789,1.071214391358089,0.9082123325728028,0.5131462487634717,2.052584995053887,0.8698926597805512,0.1680478943318971,2.052584995053887,1.6492700486573335,0.9578729976918138,2.052584995053887
2009-09-30,65.0,318.211,4.895553846153846,1.66,13.2,1.5593767936030345,0.6112478799334522,7.230080270384453,0.998084970753337,0.366844977839418,1.9004651815371496,1.4130060085150191,0.142788521395053,2.3473832061068705,1.6882020883312066,0.2132555839017025,4.612342790289558,2.9469706550981463,1.094711997362073,11.242585551330798
2009-10-31,23.0,89.3956,3.886765217391305,3.0,4.9,1.5159811661084035,0.5810780332229943,7.230080270384453,1.3126135734515874,0.8223933258328486,1.7778983888287134,1.6568882288279363,0.3311628759143257,3.3311364596535697,1.374890853669667,0.0688366919072949,2.755920923859855,2.622070535682516,2.052584995053887,8.565779467680608
2009-12-31,332.0,1168.8168,3.520532530120482,0.66,33.0,1.1342378761047849,0.5128728623762775,7.230080270384453,1.2356704606451692,0.366844977839418,8.565779467680608,1.6557281945299116,0.1466132139324204,9.01944635094944,1.9555946244382905,0.1865986359139897,9.01944635094944,2.399679850913893,0.6121324359727178,9.993409378960708
2010-01-31,158.0,839.82846,5.31537,1.25,41.4,1.0401228262489397,0.069318446559265,7.230080270384453,1.225644302099848,0.330057557470262,2.052584995053887,1.7437095676933196,0.364903999120691,6.667343142228987,2.2078339576507475,0.5224761805591711,14.06392694063927,6.920110109075383,1.80857310628303,128.58447488584474
2010-02-28,72.0,188.31552,2.615493333333333,1.039,4.95,0.8500295623053061,0.7412112482139035,1.4790093548756784,1.0433648541699674,0.6939302715207789,1.6930690896065663,1.232210143880292,0.615775498516166,2.052584995053887,1.7488041864189916,0.8394732958494618,2.052584995053887,2.052584995053887,2.052584995053887,2.052584995053887
2010-03-31,47.0,101.1818,2.1528042553191487,0.999,4.48,1.1194489256307234,0.5810780332229943,1.5383370284978592,1.1252178928725718,0.2641941082742626,1.7773780683427511,1.4369189375333784,0.1338642388078621,1.9303307163516168,1.7222798758122806,0.3930481905422336,2.052584995053887,2.052584995053887,2.052584995053887,2.052584995053887
2010-04-30,53.0,528.28512,9.967643773584903,1.06,40.8,1.152204684337618,0.3562539937992569,4.45734552747942,2.733691731580256,0.1494407824909921,29.98022813688213,4.571870522697858,0.088521185770518,29.98022813688213,18.523030870108503,0.150648440003955,112.51141552511416,19.61011213325839,2.052584995053887,112.51141552511416
2010-05-31,143.0,1031.72745,7.214877272727273,1.0824,75.6,1.53896052978556,0.5128728623762775,7.230080270384453,1.49755444401748,0.2641941082742626,5.585119720480937,2.139836703819127,0.3168419791022778,9.723317233583394,2.497208264509008,0.6777403285555286,9.723317233583394,3.6778031141348975,0.7139426069752649,29.98022813688213
2010-06-30,147.0,824.661985,5.609945476190476,1.0175,36.75,1.1825551728045238,0.5128728623762775,7.230080270384453,1.7342086071057767,0.366844977839418,14.990114068441065,2.0228314291492517,0.4398396417972613,14.990114068441065,2.237946954887297,1.105238074259785,14.990114068441065,2.267521617107607,1.6423799019218863,8.565779467680608
2010-09-30,664.0,8954.16486,13.485188042168677,0.72,58.0,3.0013565019858337,0.069318446559265,29.98022813688213,1.8867616896525787,0.1395727566893954,19.986818757921416,3.0383612977186574,0.0619639608148361,29.98022813688213,3.416776522099325,0.0442464368509609,29.98022813688213,4.674224027416156,0.2225936130809883,75.0076103500761
2010-10-31,1396.0,16381.149745,11.73434795487106,0.344,71.4,1.568218894246522,0.3562539937992569,29.98022813688213,2.062476339069087,0.0522650036892765,29.98022813688213,3.337158481298152,0.064905801197447,131.76470588235296,3.455967139593384,0.0387280187746016,29.98022813688213,5.568895007861779,0.3192909992306046,320.0
2010-11-30,109.0,2529.97168,23.210749357798168,0.545,255.0,0.9679800951836774,0.3562539937992569,2.893716970052848,1.7438397675515036,0.3142498067025717,7.889533720232139,3.812373399214751,0.4406675588912966,29.98022813688213,3.620011572204114,0.4250657696122827,12.848669201520911,5.494511439564422,1.1574867880211392,29.98022813688213
2010-12-31,162.0,1290.91693,7.968623024691358,0.99,52.0,1.0299010905344854,0.3746778042149352,2.121350046358174,2.2204493036112742,0.1209851958544525,9.01944635094944,2.640738335007794,0.364903999120691,9.01944635094944,7.988731330507103,0.7184047482688602,112.51141552511416,11.399754036843838,0.6841949983512955,129.2590163934426
2011-01-31,96.0,1609.1456,16.761933333333335,0.62,52.2,1.3788514475465312,0.3746778042149352,4.509723175474719,1.903695557994312,0.1339144674269929,9.01944635094944,3.581189022435543,0.707111289674568,16.65568229826785,3.926988249776126,0.3376003131728323,11.530856975723896,4.131184983242672,0.4822861616754746,29.98022813688213
2011-02-28,280.0,6898.98576,24.639234857142856,1.3489,70.0,2.0864996006786947,0.43022386748087,8.735246327652707,3.148322281100602,0.276956409675025,88.39461883408072,3.9258468661614416,0.132284204345273,88.39461883408072,9.47036892821447,0.1564171335163701,176.78923766816143,24.65230690385069,1.929144646701899,280.0
2011-03-31,149.0,1774.0394,11.906304697986576,1.0,36.3,1.0865932246557202,0.069318446559265,7.230080270384453,6.714130562386167,0.0815418716324989,129.2590163934426,7.131958290831256,0.1914959759593796,129.2590163934426,8.246822019544167,0.0714498017296999,129.2590163934426,19.561704834106468,1.105238074259785,176.78923766816143
2011-04-30,98.0,386.9992,3.948971428571429,1.3,32.0,4.884668858536285,0.6112478799334522,8.01063699670553,20.39464411099252,0.6983056980270007,64.6295081967213,36.229212046920345,0.4376835651217846,61.607265007666,46.78713232401663,0.5516798540028811,129.2590163934426,75.58136626265497,0.7819371409729091,129.2590163934426
2011-05-31,58.0,608.6099,10.493274137931037,1.80495,36.0,3.566674560326453,0.43022386748087,8.01063699670553,13.454504431165203,0.2952772418421273,32.02151676534468,25.893536179653054,0.4642326689924355,61.607265007666,40.1403033409654,0.4822861616754746,94.43581106370236,57.08607869505328,2.052584995053887,129.2590163934426
2011-06-30,135.0,1558.5401975,11.544742203703704,0.819,52.0,2.9074166310663148,0.3746778042149352,19.27300380228137,8.472063357515662,0.4874833843395468,32.02151676534468,16.053313066991773,0.8598666871171687,61.607265007666,21.36523333863901,1.3021726365237816,94.43581106370236,40.84056373433028,1.835040029789611,176.78923766816143
2011-07-31,247.0,5995.24339,24.272240445344128,1.15345,330.0,4.595140362720997,0.6050499119201409,358.4,8.4022775942518,0.2571667424834133,162.23868312757202,15.821212101594933,0.0619639608148361,453.14942528735634,17.087301500332618,0.0594599377408119,486.7160493827161,35.21259586148248,1.446858485026424,1877.3333333333333
2011-08-31,103.0,1935.26,18.78893203883495,0.75,70.0,2.444220489090921,0.6112478799334522,8.01063699670553,6.846644305741647,0.542571931884909,32.02151676534468,13.447709862140258,1.1781653783268946,61.607265007666,14.957183863736988,0.2143494051890998,94.43581106370236,25.417681226544445,2.052584995053887,129.2590163934426
2011-09-30,296.0,4187.3051525,14.14630119087838,0.84,317.4,1.4706723354566138,0.3746778042149352,8.01063699670553,2.874821108795002,0.2802109542695495,32.02151676534468,6.884856349518929,0.0662124191952866,61.607265007666,12.62838769694168,0.1578911534656835,128.58447488584474,26.647183252546967,2.052584995053887,320.0
2011-10-31,153.0,997.494305,6.519570620915032,1.3,38.4,3.028319524969358,0.3746778042149352,8.01063699670553,11.473829630231297,0.1339144674269929,32.02151676534468,22.113195199484714,0.2830041046506453,128.58447488584474,32.39620446458426,0.7269571857482515,128.58447488584474,49.24588083444209,1.1686164686751883,176.78923766816143
2011-11-30,216.0,2046.68516,9.47539425925926,0.66,42.0,2.039019552304625,0.3746778042149352,8.01063699670553,5.11388209960357,0.559311900745242,32.02151676534468,8.630705014758489,0.1660329409046716,61.607265007666,12.740500535448712,0.4600621540638022,94.43581106370236,11.054325918842215,0.4133881385789782,129.2590163934426
2011-12-31,202.0,2861.72028,14.16693207920792,0.475,36.0,1.9231752849691324,0.3562539937992569,7.230080270384453,1.8304767337403007,0.0522650036892765,9.01944635094944,3.742980289464448,0.1099519369323305,40.30259660601104,5.382396986468299,0.1771663451052764,47.37322758952175,5.69647844424466,0.761504465803381,52.94654848240666
2012-01-31,68.0,872.73722,12.83437088235294,1.5,50.0,1.068108135668134,0.5810780332229943,1.5934034865332574,1.3505187960503326,0.6939302715207789,1.9004651815371496,2.0350194305185174,0.7948736010257699,2.893716970052848,2.065088150795425,1.07516356883775,2.893716970052848,2.178214780398673,1.3504012526913292,2.893716970052848
2012-02-29,72.0,1140.8564,15.845227777777776,1.0948,105.6,1.099094433416253,0.43022386748087,7.230080270384453,1.035412421663531,0.2012398835152663,1.6930690896065663,1.740349947689525,0.5403094060762881,3.3311364596535697,7.431658826333045,0.5131763067290608,176.78923766816143,8.470757980841372,1.446858485026424,176.78923766816143
2012-03-31,277.0,4063.59447,14.670016137184115,2.0,48.0,1.1881831670303002,0.3746778042149352,2.893716970052848,1.4839344639875771,0.1339144674269929,5.595114177029652,1.7459631002097644,0.1914959759593796,4.538447526910864,2.0831585647427358,0.282613546969068,9.066114752213409,3.656814041525396,2.052584995053887,176.78923766816143
2012-04-30,54.0,871.09036,16.131302962962963,1.3,32.75,1.0466230441539734,0.43022386748087,1.5934034865332574,1.1560499215300002,0.5199551192455182,1.7778983888287134,1.7296698909692187,0.5131462487634717,2.893716970052848,1.834777843430153,0.450567437938658,2.893716970052848,2.535457054775512,2.052584995053887,2.893716970052848
2012-05-31,62.0,2870.054,46.2911935483871,1.65,348.0,2.0389823822447,0.43022386748087,8.735246327652707,1.8165752608035064,0.1205715404188686,10.263501524338023,2.8196949298901948,0.2066940692894891,12.848669201520911,4.217748359626219,0.526130358191427,17.988136882129275,13.91192910571955,1.1574867880211392,176.78923766816143
2012-06-30,58.0,2943.11656,50.74338896551724,6.83136,498.15,14.214934119667632,0.7412112482139035,358.4,12.810440502543727,0.6939302715207789,215.43169398907105,24.85341529585673,0.7389305982193991,438.0444444444444,37.09444939798369,0.3538939646644632,657.0666666666667,72.75996676851838,0.9329931795699484,1546.0392156862745
2012-07-31,102.0,1926.114,18.88347058823529,2.313,59.976,1.077671630287621,0.6112478799334522,2.893716970052848,1.1815182701610938,0.559311900745242,2.1213338690237045,1.6315022147873846,0.7389305982193991,2.893716970052848,2.010311420582093,1.4368094965377205,2.7008025053826583,2.357701495788804,2.052584995053887,2.893716970052848
2012-08-31,6.0,222.0,37.0,36.0,37.5,0.3746778042149352,0.3746778042149352,0.3746778042149352,0.6636965527644147,0.6636965527644147,0.6636965527644147,1.0288771449076792,1.0288771449076792,1.0288771449076792,2.2798982188295165,1.052260716382854,2.893716970052848,2.893716970052848,2.893716970052848,2.893716970052848
2012-09-30,17.0,873.4,51.37647058823529,16.1,216.0,6.896324783423517,1.5929050154899065,80.29327902240324,2.475797304067884,0.3350439402714476,16.317880794701985,3.7615931020824394,0.5019520692628666,30.00304414003044,6.3430013341111655,0.7312250765093202,60.09756097560975,776.1449334407959,1.929144646701899,13141.333333333332
2012-10-31,14.0,380.1,27.15,20.7,33.6,1.9597777714378068,1.2965737951356957,4.45734552747942,2.2144181823551663,0.6835882637074101,2.4695565021297923,2.5580511921065847,1.292679820164072,2.7689464207636703,2.849653671631439,2.4114308083773737,4.996704689480354,3.408734370728972,2.0669406928948915,8.565779467680608
2012-11-30,32.0,637.25,19.9140625,3.0,46.2,1.379625073429685,0.43022386748087,4.45734552747942,2.0741122073327696,0.5199551192455182,14.990114068441065,1.9216173767572768,0.2830041046506453,8.565779467680608,2.6292968184867047,0.3945977686435701,8.565779467680608,3.197598512131354,2.170287727539636,7.495057034220532
2012-12-31,14.0,499.2,35.65714285714286,24.0,50.0,1.1843805119352382,0.43022386748087,2.893716970052848,1.3166007407260472,0.5199551192455182,2.893716970052848,1.401881046965875,0.2830041046506453,2.893716970052848,2.893716970052848,2.893716970052848,2.893716970052848,2.893716970052848,2.893716970052848,2.893716970052848
2013-03-31,8.0,24.0,3.0,3.0,3.0,1.5093735548985,1.486525721223639,1.547453277689935,2.191230134413308,1.7630839658656172,2.4481178355419217,6.241352213133216,4.347276336102331,7.377797739351747,54.38892642873231,37.88340807174888,64.29223744292237,95.18062125028156,66.29596412556054,112.51141552511416
2013-04-30,4.0,6.32,1.58,0.66,2.5,1.810077840897411,1.112506920544305,2.507648761250517,26.812533620317907,3.113856478303973,50.51121076233184,92.90434200955544,9.01944635094944,176.78923766816143,92.90434200955544,9.01944635094944,176.78923766816143,92.90434200955544,9.01944635094944,176.78923766816143
2013-06-30,7.0,71.75,10.25,10.0,10.35,1.4659059210523877,1.2965737951356957,1.5929050154899065,2.4695565021297923,2.4695565021297923,2.4695565021297923,2.7689464207636703,2.7689464207636703,2.7689464207636703,2.81756652347251,2.81756652347251,2.81756652347251,2.893716970052848,2.893716970052848,2.893716970052848
2013-07-31,41.0,163.2,3.980487804878048,2.0,10.3,2.3747459759571337,0.8972526779812241,2.893716970052848,2.563140345647165,0.8616453986031347,2.893716970052848,2.7433385279418565,1.8602466236054025,2.893716970052848,2.6149419682860358,1.990713092873236,2.893716970052848,2.7938417870091463,2.0747404690944946,2.893716970052848
2013-08-31,27.0,406.0,15.037037037037036,2.0,36.0,1.4020435668651503,0.8972526779812241,1.5929050154899065,1.2234818199752366,0.8616453986031347,1.626518065120765,2.274624172580101,1.8602466236054025,2.5503946176736965,2.5403298936365277,1.990713092873236,2.893716970052848,2.377789349415448,1.7099236641221376,2.893716970052848
2013-09-30,10.0,243.2,24.32,20.0,26.0,1.312525331492556,0.6355034260344702,1.5929050154899065,2.087507581852882,0.559311900745242,2.4695565021297923,2.3747657407887397,0.7980430208890142,2.7689464207636703,2.6591735945854067,2.0256018790369934,2.81756652347251,2.6456840869054608,1.653552554315913,2.893716970052848
2013-11-30,18.0,199.2,11.066666666666668,0.15,19.8,0.6630621802868941,0.6112478799334522,0.7533248841873871,2.797446245760536,0.559311900745242,5.595114177029652,3.2767867458856283,0.7980430208890142,6.817849210166505,3.908878455621398,2.893716970052848,5.177830312582086,5.616263361562444,2.893716970052848,9.01944635094944
2013-12-31,8.0,313.20000000000005,39.150000000000006,39.0,39.2,0.6355034260344702,0.6355034260344702,0.6355034260344702,0.559311900745242,0.559311900745242,0.559311900745242,1.5145173350456451,0.1353177000384425,2.893716970052848,2.893716970052848,2.893716970052848,2.893716970052848,2.411430808377373,1.929144646701899,2.893716970052848
2014-01-31,5.0,1.02,0.204,0.204,0.204,3.5847133605797987,3.5847133605797983,3.5847133605797983,1.8790513231144663,1.8790513231144663,1.8790513231144663,3.758102646228933,3.758102646228933,3.758102646228933,9.01944635094944,9.01944635094944,9.01944635094944,9.01944635094944,9.01944635094944,9.01944635094944
2014-02-28,27.0,331.7,12.285185185185185,1.45,25.3,1.3775254207304826,0.9389965420499772,1.6107573594819915,2.5405057598976675,1.7778983888287134,3.617173796995348,3.1522684070643883,1.2641986098403637,6.20086936627774,3.2364087706772584,1.3839515943731011,6.559597346145047,4.481869031766779,2.893716970052848,9.01944635094944
2014-03-31,26.0,462.6,17.792307692307695,6.0,27.6,1.5273632619922075,1.2965737951356957,1.6107573594819915,2.230136385987111,1.7778983888287134,2.4695565021297923,2.2480721785209874,1.2641986098403637,2.7689464207636703,2.4035374178425863,1.4776427081120924,2.893716970052848,2.893716970052848,2.893716970052848,2.893716970052848
2014-04-30,27.0,196.695,7.285,0.625,32.0,1.2982220206424755,0.6355034260344702,1.6107573594819915,2.475067074440286,0.6983056980270007,4.04038546942984,3.002279880433849,1.267124511731216,6.499306929360626,3.6627700658616,0.1377960461929927,7.97587404588091,4.481869031766779,2.893716970052848,9.01944635094944
2014-05-31,12.0,142.25,11.854166666666666,2.5,16.4,1.42004513694995,1.2965737951356957,1.5929050154899065,2.506223832499318,1.626518065120765,2.893716970052848,2.8729218785046515,2.7689464207636703,2.893716970052848,2.8672903310569318,2.735157136077349,2.893716970052848,2.1146393242693886,1.558155291566918,2.893716970052848
2014-06-30,33.0,1009.2,30.581818181818186,14.4,43.2,1.8034198361847136,0.3746778042149352,4.45734552747942,3.343202483193324,0.2802109542695495,13.32454583861428,3.4100569664929505,0.5534233705226071,13.32454583861428,3.427028046090396,0.5246242598378255,13.32454583861428,3.4701383234134235,0.7790776457834591,13.32454583861428
2014-07-31,59.0,753.665,12.773983050847455,0.37,51.2,1.8059057987140013,0.904179014868094,4.45734552747942,2.4796240795020688,1.446858485026424,14.990114068441065,2.4167065638974705,1.267124511731216,9.993409378960708,3.5922498299733907,1.336839116724558,9.993409378960708,3.92919121096849,1.929144646701899,9.993409378960708
2014-08-31,22.0,59.64,2.710909090909091,2.08,3.0,1.9934692135934016,1.2965737951356957,3.5847133605797983,2.34517216610882,1.626518065120765,4.546387591535489,2.3523392537628207,1.267124511731216,3.2212308396248,2.6096586317222075,1.9829988431165435,2.893716970052848,4.285928192983892,2.893716970052848,9.01944635094944
2014-09-30,23.0,599.4,26.06086956521739,8.4,39.2,0.8477595709257298,0.43022386748087,1.1705590207400638,1.0055771207447877,0.5199551192455182,1.3252528833689716,1.5702956005204076,1.1079336379685378,1.983596310116872,2.176733105680345,1.0614248722120077,2.893716970052848,2.670256671911193,2.159490276158842,2.893716970052848
2014-10-31,64.0,1342.6,20.978125,0.8,52.5,1.4835775570341216,0.9389965420499772,1.5934034865332574,2.212825964144008,0.6799468791500665,2.893716970052848,2.4025549858672504,1.267124511731216,3.710144927536232,2.651444516501346,1.585136335576735,5.5695415695415695,5.851975307854,1.627715795654727,103.8840579710145
2014-11-30,54.0,638.58,11.825555555555557,0.2,48.0,1.4612745088942096,0.614962251201098,3.5847133605797983,2.6581951887060336,1.2330924569121,5.821916875362013,3.810482587560384,0.9472705776406184,9.01944635094944,4.456491931243367,1.8836459522042124,9.01944635094944,4.503925132767439,2.0899067005937235,9.01944635094944
2014-12-31,68.0,1322.30175,19.44561397058824,0.49695,84.0,1.264915667304349,0.614962251201098,1.5934034865332574,2.5249495394090657,0.7326645094389125,5.595114177029652,3.2065821945819657,0.679394419055886,9.01944635094944,3.292127799782747,1.052260716382854,6.133223518645619,4.054026240148453,2.036319349296449,9.01944635094944
2015-01-31,7.0,16.45,2.35,2.35,2.35,0.9216632443577748,0.7747288559475787,0.9804369997218532,1.3102725029053786,1.3102725029053786,1.3102725029053786,0.8885272024228662,0.8885272024228662,0.8885272024228662,1.1523651650652933,1.1523651650652935,1.1523651650652935,2.893716970052848,2.893716970052848,2.893716970052848
2015-02-28,54.0,560.3,10.375925925925925,0.998,16.95,1.21196002070551,0.5810780332229943,3.709052864983877,1.6787326009596872,0.6939302715207789,4.988134012482962,1.712139410405263,0.3887112461764866,7.2104346151995,1.885653853497638,0.5851260393140039,6.66227291930714,3.0549955383679737,1.80857310628303,11.242585551330798
2015-04-30,81.0,1431.49,17.672716049382718,0.18,108.0,1.68366843625299,0.7747288559475787,4.45734552747942,2.8068625950824617,0.3350439402714476,7.994727503168567,2.736124596188142,0.1873764258555133,8.462161167668343,4.2413634853454445,1.446858485026424,14.990114068441065,5.875390617525992,1.6398993365362615,29.98022813688213
2015-05-31,6.0,90.0,15.0,15.0,15.0,1.494127942038503,1.2965737951356957,1.5929050154899065,2.4695565021297923,2.4695565021297923,2.4695565021297923,2.7689464207636703,2.7689464207636703,2.7689464207636703,2.893716970052848,2.893716970052848,2.893716970052848,2.893716970052848,2.893716970052848,2.893716970052848
2015-09-30,38.0,103.79,2.7313157894736846,1.51,4.7,1.513452038354944,0.9389965420499772,2.121350046358174,1.629995581299794,1.1534198681510532,1.7778983888287134,1.60385668886073,1.267124511731216,2.824510830955219,2.206595484360867,1.585136335576735,4.209074963776405,4.344547612896778,2.893716970052848,9.01944635094944
2015-10-31,21.0,479.5,22.83333333333333,18.0,25.5,1.7902621606464026,0.9804369997218532,4.034965581374873,2.54875593626868,0.7326645094389125,6.098003629764066,5.340516295712517,0.7927768505298719,29.98022813688213,10.30800415932903,1.0213118717833582,33.43283582089552,125.69235064705884,2.0669406928948915,448.0
2015-11-30,17.0,68.89,4.052352941176471,1.2,20.045,1.8143292909843016,1.1705590207400638,3.709052864983877,1.7145281952413816,0.7201190943713296,3.5330235178143923,8.361116899681676,1.3779604619299275,19.150879238317305,23.569695063040985,1.411569253684316,64.29223744292237,46.32567365513626,0.4105169990107773,128.58447488584474
2015-12-31,36.0,634.225,17.617361111111112,1.63,44.0,1.365238560858438,0.904179014868094,3.709052864983877,2.42368771693746,1.4667849140968334,7.495057034220532,3.3480564245554687,0.4597790388920706,19.986818757921416,4.290000573076668,0.9645723233509492,19.986818757921416,3.7875377342878815,2.052584995053887,9.01944635094944
2016-03-31,46.0,652.86,14.192608695652174,1.18,36.0,2.6573334692690893,0.9625758495247806,7.230080270384453,3.266573228065724,1.7778983888287134,7.994727503168567,3.647175655823287,1.267124511731216,6.619634372623573,4.5210597483618615,1.585136335576735,11.242585551330798,4.191645850934896,1.80857310628303,11.242585551330798
2016-09-30,88.0,328.625,3.734375,0.491,16.0,1.86404779543846,0.6359325095977031,16.365296803652967,2.293149677362272,0.7326645094389125,5.821916875362013,7.361911205947067,0.7008826812379125,176.78923766816143,35.02451562208883,1.195389378057096,1194.6666666666667,35.420100421032835,1.5433157173615188,1194.6666666666667
2016-11-30,8.0,24.8,3.1,3.1,3.1,2.191512761469006,2.121350046358174,2.30845061998706,1.1534198681510532,1.1534198681510532,1.1534198681510532,2.824510830955219,2.824510830955219,2.824510830955219,9.01944635094944,9.01944635094944,9.01944635094944,9.01944635094944,9.01944635094944,9.01944635094944
2017-03-31,91.0,700.794,7.701032967032967,0.489,27.6,1.5595616175882614,0.3369396471979343,5.6179300947181385,2.7686521849117214,1.0677689256308545,9.01944635094944,5.186085506950119,1.2641986098403637,26.381987088647456,8.53764365575882,1.4776427081120924,58.50593607305937,13.688892429043268,1.768382592810074,120.01217656012176
2017-06-30,48.0,96.0,2.0,2.0,2.0,3.09661277147838,2.0721167973892123,5.6179300947181385,4.361781729200055,2.694957891282949,5.488361732932398,20.12578403113791,6.977452125588475,26.78843226788432,75.72546281862023,50.03468990608342,112.51141552511416,95.18062125028156,66.29596412556054,112.51141552511416
2017-07-31,116.0,1402.77,12.092844827586209,0.8,21.0,1.235737252263826,0.3369396471979343,1.5929050154899065,1.5394634873077018,1.0810280973950468,2.397651203758074,2.17699317433,1.749048641080044,2.893716970052848,2.039674767074,1.336839116724558,2.893716970052848,2.1734684167129914,1.0262924975269434,2.893716970052848
2017-08-31,35.0,2.9064,0.08304,0.0524,0.119,1.02791064430555,0.9625758495247806,1.1912476312574731,4.04038546942984,4.04038546942984,4.04038546942984,6.499306929360626,6.499306929360626,6.499306929360626,7.97587404588091,7.97587404588091,7.97587404588091,9.01944635094944,9.01944635094944,9.01944635094944
2017-09-30,84.0,762.9,9.082142857142856,0.2,30.8,1.7476088022692744,0.904179014868094,5.6179300947181385,2.941370107324999,0.966207191695612,4.546387591535489,7.488187655742164,0.637984843791179,53.03677130044843,13.18652012183389,0.572129059575151,112.51141552511416,23.98712866269317,2.893716970052848,180.01826484018264
2017-10-31,7.0,2.31,0.33,0.33,0.33,1.0506293994626057,1.0258783910299256,1.112506920544305,0.3453572511939678,0.3453572511939678,0.3453572511939678,1.3256246798225402,1.32562467982254,1.32562467982254,0.4866607743318042,0.4866607743318042,0.4866607743318042,9.01944635094944,9.01944635094944,9.01944635094944
2017-11-30,7.0,10.85,1.55,1.45,1.59,0.904179014868094,0.904179014868094,0.904179014868094,3.707075197454449,3.707075197454449,3.707075197454449,9.01944635094944,9.01944635094944,9.01944635094944,9.01944635094944,9.01944635094944,9.01944635094944,9.01944635094944,9.01944635094944,9.01944635094944
2017-12-31,7.0,20.972,2.996,2.996,2.996,7.129963123979601,3.356572160906252,16.563440531662973,4.956860856038938,4.629041095890411,5.776410256410256,237.5845451352301,90.00913242009132,606.5230769230769,158.38969675682003,60.00608828006088,404.34871794871793,995.0460133473832,180.01826484018264,3032.6153846153848
2018-04-30,19.0,357.76,18.829473684210527,3.52,44.8,4.342814814112532,1.2965737951356957,16.563440531662973,4.3846159530238245,1.626518065120765,12.248042748850503,8.193998147204445,2.3585775303855407,32.39973701512163,53.833042039362,2.329089268579122,284.3076923076923,210.84633010465575,2.893716970052848,1137.2307692307693
2018-05-31,53.0,594.1346,11.21008679245283,1.2138,26.0,0.8400616164362632,0.43022386748087,1.5934034865332574,0.9747336477143508,0.5199551192455182,1.7778983888287134,1.6440985550283242,1.0723222274824706,2.893716970052848,1.9487758626940028,1.0614248722120077,2.893716970052848,2.2464359046644597,1.105238074259785,2.893716970052848
2018-06-30,210.0,1743.534,8.302542857142857,1.562,44.0,1.1624901189759704,0.3746778042149352,3.356760399257535,1.614169590886148,0.1339144674269929,6.163852407754847,2.7696150241531248,0.0619639608148361,69.71529619805482,35.369751686017125,0.0442464368509609,3032.6153846153848,13.883732266030274,1.085143863769818,866.4615384615385
2018-08-31,55.0,752.5500000000001,13.682727272727274,0.95,55.2,3.9022307408708494,0.614962251201098,5.760952754970637,2.511094998145482,0.6840934478372487,3.855661887754733,19.988144479954528,1.267124511731216,176.78923766816143,28.813756826619844,1.585136335576735,176.78923766816143,107.51564193106223,2.553279679458395,176.78923766816143
2018-09-30,166.0,2823.13784,17.006854457831324,1.7,60.0,1.2593918274033484,0.7412112482139035,1.5934034865332574,1.5884085602640243,0.6939302715207789,2.4695565021297923,1.7315478021458572,0.2791515593273286,2.893716970052848,1.7314885529937103,0.6777403285555286,2.893716970052848,2.0453776385203364,0.2463101994064664,2.893716970052848
2018-10-31,8.0,6.4,0.8,0.8,0.8,1.3480008823520273,0.9389965420499772,1.5934034865332574,1.7778983888287134,1.7778983888287134,1.7778983888287134,2.3473832061068705,2.3473832061068705,2.3473832061068705,2.3018203170874925,2.3018203170874925,2.3018203170874925,2.893716970052848,2.893716970052848,2.893716970052848
2018-11-30,55.0,171.0,3.109090909090909,0.75,4.95,1.1805219203421569,0.904179014868094,1.5934034865332574,1.7686130448709851,1.0230769454343738,2.657588453362256,2.401879902300489,1.2641986098403637,4.953302504209939,3.969233357908929,0.6808745811889054,9.01944635094944,4.898501131073551,2.893716970052848,9.01944635094944
2019-01-31,49.0,955.6556,19.503175510204084,3.861,40.0,1.3221241923684193,0.9389965420499772,1.5934034865332574,1.604195177622975,0.7615926225991797,2.893716970052848,2.05421033821891,0.7293449221003658,2.893716970052848,2.0910131539626486,0.8117567777049269,2.893716970052848,2.4645680032166437,2.052584995053887,2.893716970052848
2019-02-28,125.0,890.8919999999999,7.127135999999999,1.996,48.3,1.407907852872285,1.154733435845598,1.5929050154899065,1.490035919834731,0.4930036319349296,2.052584995053887,1.90483434619448,1.0611101751490206,2.893716970052848,1.7324021342717506,0.4691622845837455,2.893716970052848,2.160249887853754,2.052584995053887,2.893716970052848
2019-05-31,20.0,181.35,9.0675,0.49,27.0,3.984377756680641,1.2965737951356957,16.563440531662973,4.868795432641087,2.4695565021297923,20.017263264788017,36.37028698506095,2.459849004804392,252.7179487179487,133.50681929934447,1.9829988431165435,866.4615384615385,122.20462094337354,2.893716970052848,866.4615384615385
2019-06-30,138.0,2578.171465,18.682401920289852,3.0,58.8,1.1616779795885173,0.5128728623762775,7.230080270384453,0.8845527748721995,0.1201344849652445,2.1213338690237045,1.7115635317141633,0.6923840216370006,11.242585551330798,1.9476653372202704,0.4069714226726081,11.242585551330798,2.7061934585574643,1.0262924975269434,12.848669201520911
2019-09-30,70.0,909.95,12.999285714285715,1.8,28.8,1.932107174013208,1.1705590207400638,3.709052864983877,2.4241172221031686,1.3252528833689716,4.988134012482962,3.5711427416851897,0.9472705776406184,8.462161167668343,4.1080737930135065,1.8836459522042124,9.899131931989382,4.19157102600695,1.80857310628303,11.242585551330798
2019-10-31,253.0,2716.2,10.73596837944664,3.6,68.4,1.1010697187926364,0.7747288559475787,2.893716970052848,1.710746605188185,1.3102725029053786,2.893716970052848,1.6888832899578952,0.8885272024228662,2.893716970052848,1.9863202697672635,0.3404372905944527,2.893716970052848,2.721712434834852,0.6430482155672995,2.893716970052848
2019-11-30,17.0,704.03648,41.4139105882353,4.81824,78.4,1.3432031669829505,0.7755146593222076,1.5934034865332574,2.0773626256053843,0.7310139406957076,2.256875783593341,1.7462635137991518,0.765697850819475,1.877005602196442,1.8114189343370704,1.3195189253917845,1.877005602196442,2.6670962831388736,2.052584995053887,2.893716970052848
2019-12-31,397.0,1609.625,4.054471032745592,0.8,58.5,0.9632518838540288,0.3746778042149352,1.5934034865332574,1.1529824376359556,0.1339144674269929,1.7778983888287134,1.9307003576757864,0.637984843791179,2.893716970052848,1.9262644237144269,0.5032551252265822,2.893716970052848,2.5035017680741007,0.7502229181618495,2.893716970052848
2020-01-31,354.0,2683.78931,7.581325734463277,0.18,105.6,1.697456193401715,0.1476050651748831,16.563440531662973,2.0858215185273195,0.0924018408179225,13.722241559345632,4.815296681125941,0.1353177000384425,263.7056856187291,8.569306918541702,0.282613546969068,433.2307692307692,17.272832437500696,0.8876043221854645,866.4615384615385
2020-02-29,521.0,6192.59428,11.885977504798465,0.479,80.0,1.3633721560393055,0.3746778042149352,3.709052864983877,1.666206718415277,0.1494407824909921,12.848669201520911,2.326237263015692,0.2791515593273286,9.993409378960708,2.7758140145527705,0.4600621540638022,12.848669201520911,3.2266895129148,0.2477257752651242,14.990114068441065
2020-03-31,301.0,3634.9552,12.076263122923589,0.35,121.0,1.192669825218044,0.43022386748087,3.5847133605797983,1.5376952517139713,0.5199551192455182,5.821916875362013,1.6939655097559854,0.4597790388920706,9.01944635094944,1.8255983455456817,0.8394732958494618,9.01944635094944,2.255711861991285,0.6081733318678182,9.01944635094944
2020-04-30,268.0,7030.46467,26.233077126865677,0.2,285.6,1.266482788228648,0.1476050651748831,5.6179300947181385,2.3011777258748483,0.5199551192455182,26.522522522522525,14.945292459879616,0.7571010227657778,1194.6666666666667,15.458896832771291,1.0614248722120077,1194.6666666666667,22.35507669422711,1.0262924975269434,1194.6666666666667
2020-05-31,161.0,3417.17054,21.22466173913044,0.483,100.0,1.2911846406591685,0.3746778042149352,3.709052864983877,1.4375969102612245,0.2802109542695495,5.821916875362013,1.9475039715135145,0.4587600074474027,9.01944635094944,2.1854345964466027,0.9805665941717824,9.899131931989382,2.5841085416822223,1.558155291566918,11.242585551330798
2020-06-30,13.0,359.363,27.64330769230769,9.996,70.0,1.175318137058725,0.7415991138592274,1.5383370284978592,1.457146964507855,0.6939302715207789,2.893716970052848,1.7301342350477145,1.0723222274824706,2.4803288314738694,1.7154084915135637,0.8394732958494618,2.893716970052848,1.875495322262875,0.7244417629601954,2.893716970052848
2020-07-31,65.0,353.25690000000003,5.434721538461539,1.0028,29.4,1.177057435387315,0.7412112482139035,1.6107573594819915,1.2644267945518175,0.6939302715207789,1.9004651815371496,1.542661914559892,0.5537549447087823,2.819519099025852,1.899461569554748,0.1312154791358649,2.893716970052848,2.0826760274190725,0.761504465803381,2.893716970052848
2020-08-31,141.0,1825.40079,12.94610489361702,0.4,99.6,0.9525361543220509,0.5810780332229943,2.893716970052848,1.7062973155204224,1.0053477526794543,2.936910629978578,1.994765335490136,0.3887112461764866,3.4858941302318103,2.0555401772777704,0.2805691719857831,5.181384073949678,2.4280137996274167,1.1837933059307106,9.01944635094944
2020-09-30,1339.0,22232.835304,16.604059226288275,0.7,550.0,1.0930140148594745,0.1118069243250798,2.893716970052848,1.4233878394793202,0.4874833843395468,6.667841526774502,1.7334211145677605,0.2052584995053886,52.70588235294118,2.843544453980484,0.5314990353158292,398.22222222222223,3.291208921535037,0.4561299989008636,398.22222222222223
2020-10-31,1582.0,13109.77513,8.286836365360303,0.11,80.0,1.3371491178083883,0.1476050651748831,3.5847133605797983,1.6319861070700046,0.1494407824909921,9.01944635094944,1.9893100190918256,0.0653095225698963,6.817849210166505,2.170370238766076,0.3040866659339091,9.01944635094944,2.540695927921734,0.6841949983512955,9.01944635094944
2020-11-30,1537.0,23560.63207,15.328973370201693,0.44,144.0,1.343468091407846,0.1476050651748831,5.6179300947181385,1.6091971422896791,0.1209851958544525,5.821916875362013,2.3976188842044364,0.2160615784267248,112.51141552511416,2.691056895245021,0.0713979513656,112.51141552511416,3.130741254274425,0.1784856517438162,112.51141552511416
2020-12-31,926.0,21250.739398,22.94896263282937,0.18,550.0,1.385857199941014,0.3562539937992569,3.5847133605797983,1.649750269948972,0.559311900745242,5.821916875362013,2.0463649577742973,0.2791515593273286,26.381987088647456,2.830900909098267,0.2643480675448187,60.00608828006088,4.306951990648949,0.5809202816190245,112.51141552511416
2021-01-31,1436.0,23184.89774,16.1454719637883,0.48,175.0,1.3069175696376971,0.0554198237204267,2.893716970052848,1.3718134356548974,0.1052260716382853,36.89411764705883,1.7392566920027093,0.0215546887899653,45.44927536231884,2.0199594210546548,0.0688366919072949,59.16981132075472,2.8121486118890746,0.4234707761052948,448.0
2021-02-28,1371.0,39205.58923,28.59634517140773,0.5,240.526,1.0845930971645403,0.3746778042149352,3.5847133605797983,1.4927442560575257,0.1044723515553989,5.595114177029652,1.9357102264384385,0.0215546887899653,25.25560538116592,2.168505957633637,0.0684194998351295,26.47327424120333,2.9804157434186744,0.3165678350580621,128.58447488584474
2021-03-31,203.0,8692.055,42.81800492610837,1.82,175.0,1.3550635366018986,0.4942595023327605,1.807015334442993,1.5636049730026569,0.5199551192455182,2.893716970052848,1.8398430432694344,0.2830041046506453,4.953302504209939,1.806931150100692,0.4105169990107773,3.52934857211065,2.2244495566943807,0.7945490303434399,9.01944635094944
2021-04-30,1319.0,28197.14454,21.37766833965125,0.07,630.0,1.380810708216817,0.2565731243817358,3.5847133605797983,1.769886838410386,0.1339144674269929,7.195842443926875,2.3102116981363805,0.1119269454099206,52.093023255813954,2.5472080781703856,0.0609422050739827,53.333333333333336,4.613158856755508,0.4438021610927322,373.33333333333337
2021-05-31,4645.0,104330.0693,22.4607253606028,0.0,485.0,1.288966275019636,0.3562539937992569,3.5847133605797983,1.5004065554964228,0.1494407824909921,7.195842443926875,1.975046601148752,0.065027347641637,104.53333333333336,2.5172545006074563,0.0688980230964963,373.33333333333337,3.172506142140889,0.2280649994504318,373.33333333333337
2021-06-30,1362.0,29588.92564,21.724615007342145,0.49,754.71,1.2524052449108471,0.0635882249523781,5.6179300947181385,1.5863939273379544,0.0801506076759495,5.821916875362013,2.5978601697439685,0.0756215524493537,128.0,2.963706751850973,0.0263151922442805,128.0,3.626117242533428,0.1207402938266992,224.0
2021-07-31,434.0,15039.15452,34.652429769585254,0.1,432.6,1.5664630553871255,0.1476050651748831,4.289241622574957,3.456977725806172,0.1071747025945499,36.89411764705883,11.936793049464752,0.1353177000384425,398.22222222222223,13.691110884356709,0.0688366919072949,597.3333333333334,27.81266969015017,0.5986706235573837,597.3333333333334
2021-08-31,122.0,2498.99036,20.483527540983605,0.1,200.0,1.4176836700572333,0.3746778042149352,7.08300395256917,5.0494330037662,0.1052260716382853,132.74074074074073,6.165112867768203,0.064905801197447,170.66666666666666,6.460134170733912,0.0755821596655594,170.66666666666666,12.795756196553072,0.4561299989008636,398.22222222222223
2021-09-30,269.0,3127.78238,11.627443791821564,0.16,149.99,1.5717886715499712,0.5128728623762775,3.5847133605797983,2.6516479015167347,0.0923779421419402,7.195842443926875,3.0752874590976407,0.1415575858657853,9.01944635094944,3.7105653577717232,0.5026738763397273,9.01944635094944,4.679682646609255,1.4859627684055166,9.01944635094944
2021-10-31,1732.0,52653.20246,30.400232367205543,0.1,396.00275,1.2281161140730437,0.3746778042149352,3.5847133605797983,1.6590614660022769,0.1339144674269929,9.01944635094944,2.3634640295616034,0.065027347641637,104.53333333333336,2.811476361644163,0.0688980230964963,176.78923766816143,3.637789118358143,0.1818746198149013,176.78923766816143
2021-11-30,915.0,21983.32232,24.025488874316935,0.49,485.0,1.2820826827221985,0.3746778042149352,5.6179300947181385,1.4636241532921486,0.052184364281031,9.01944635094944,2.563760702000717,0.0980534233305996,128.0,2.8826330909361184,0.1554033187620974,128.0,3.199583695778115,0.1282865621908679,176.78923766816143
2021-12-31,302.0,5620.54032,18.611060662251656,0.5,250.0,1.0970530942757315,0.3746778042149352,4.289241622574957,1.515499917651988,0.1061111335405816,26.522522522522525,2.1397773837476115,0.0474379831156204,32.28828828828829,2.345064198915303,0.1312154791358649,32.28828828828829,3.569488611533694,0.2565731243817358,298.6666666666667
2022-01-31,434.0,5214.08646,12.014024101382487,0.1,630.0,1.405141794704246,0.3746778042149352,9.01944635094944,1.8305571992499887,0.2356795474776856,9.01944635094944,2.3939091538123187,0.1578911534656835,9.01944635094944,2.6023115833966037,0.2492424636851148,9.01944635094944,3.2123750443441783,0.6508878809963512,9.01944635094944
2022-02-28,270.0,3539.77338,13.110271777777776,0.49,115.87968,1.1752091896221042,0.43022386748087,9.01944635094944,1.9244871072548595,0.2356795474776856,9.01944635094944,2.3234827876736035,0.2830041046506453,9.01944635094944,2.9607435906528656,0.6628139046528175,9.01944635094944,3.145314613608791,1.2799132752156828,9.01944635094944
2022-03-31,30.0,127.65,4.255,0.54,6.0,1.756713777948823,1.0258783910299256,3.5847133605797983,2.625018129733493,1.4961832061068705,4.546387591535489,3.561206124917084,2.2455243687610102,9.01944635094944,4.693741247253596,2.145341891590905,9.01944635094944,4.875340993475612,2.532002348796242,9.01944635094944
2022-04-30,16.0,36.72044,2.2950275,0.73,5.00011,0.7370150953635518,0.6658959537572254,0.7755146593222076,0.8325069349492064,0.6009389671361502,1.071214391358089,1.6915865638637286,1.368389996702591,2.086146682188592,3.524685424630578,1.0183245880104206,7.427779347840715,79.68953609090487,2.052584995053887,298.6666666666667
2022-05-31,7.0,127.1594,18.16562857142857,2.0,25.2,0.8413841011362949,0.3746778042149352,1.807015334442993,1.4088563364551523,1.0213118717833582,1.626518065120765,2.0957196312744184,1.883548583696508,2.893716970052848,2.2632906687486067,2.052584995053887,2.893716970052848,2.292908416482161,2.052584995053887,2.893716970052848
2022-07-31,7.0,1195.76166,170.8230942857143,97.88083,200.0,1.3106976243153932,0.7415991138592274,1.5383370284978592,1.4532763922420602,0.6430222019903327,1.7773780683427511,1.6756430230523545,1.038923789804198,1.9303307163516168,0.8842490461067022,0.7623887124485865,0.9329931795699484,1.1503498323928376,0.7894557673284179,2.052584995053887
2022-09-30,567.0,8516.66282,15.02056934744268,0.1,147.5,1.4020780280652985,0.3562539937992569,9.01944635094944,1.869385041117778,0.1963259769092707,11.666666666666668,4.204235092662517,0.2598208854498591,149.33333333333334,12.924023575074491,0.1312154791358649,448.0,16.940720531815394,0.4105169990107773,448.0
2022-10-31,156.0,4244.3434,27.20732948717949,0.5,437.0004,1.6813036620268893,0.7231329250867351,3.5847133605797983,2.732451277330076,0.6153231119164295,7.195842443926875,3.094341125525214,1.1274307938686798,9.01944635094944,3.7305009474164574,0.282613546969068,9.01944635094944,8.313745383163798,1.5394387462904149,176.78923766816143
2022-11-30,1361.0,34547.65877,25.384025547391627,0.11,417.6,1.2227922578813293,0.3746778042149352,10.501864677677142,1.91859597786118,0.1044723515553989,65.92642140468227,3.201066486987977,0.0619639608148361,312.88888888888886,7.587434363245424,0.0688366919072949,1642.6666666666663,11.694619028199606,0.5787433940105696,2815.9999999999995
2022-12-31,559.0,13325.47005,23.83805017889088,0.099,450.0,1.4866180342711357,0.4942595023327605,16.978466838931954,3.3265492533780066,0.3453572511939678,207.49473684210523,4.324928852918124,0.088521185770518,303.26153846153846,5.266197429124374,0.2872435143614471,339.8620689655172,26.93030944483827,0.4105169990107773,3285.333333333333
2023-01-31,254.0,4059.637,15.98282283464567,0.11,153.846,1.1288562572654754,0.3746778042149352,4.509723175474719,1.6585300499277484,0.2414805876533984,7.195842443926875,2.286088667986648,0.113096505968018,9.01944635094944,2.7718913246024424,0.4286988103781997,9.01944635094944,3.092153736694663,0.3165678350580621,9.01944635094944
2023-02-28,65.0,3218.04817,49.50843338461539,0.25,250.00443,1.4024993131432584,0.4942595023327605,1.6107573594819915,1.6934062317434522,0.6153231119164295,2.256875783593341,2.1669881670064086,1.0611101751490206,2.893716970052848,2.445764351138111,1.2534228043566766,2.893716970052848,2.62512470997398,0.5986706235573837,2.893716970052848
2023-03-31,60.0,205.8578,3.430963333333333,0.3,19.99188,1.626425425811557,0.7415991138592274,3.5847133605797983,3.043057998014888,0.9737809334653376,5.821916875362013,3.710369618243928,0.9435728490224028,9.01944635094944,4.6008730777700935,1.6259933450773143,9.01944635094944,5.522909488425223,1.734508913644123,9.01944635094944
2023-04-30,9.0,1461.6,162.39999999999998,37.8,315.0,1.4151136533744682,1.1705590207400638,1.6107573594819915,2.5399163109086773,2.256875783593341,2.893716970052848,2.797259737717753,2.720093951849677,2.893716970052848,2.333485570126792,1.8853004501859465,2.893716970052848,2.893716970052848,2.893716970052848,2.893716970052848
2023-05-31,414.0,7719.47807,18.64608229468599,0.11,230.0,1.2051976841105854,0.3746778042149352,6.524991724594505,1.864636381079185,0.276956409675025,29.731523378582207,5.05847791807273,0.0863796110463536,571.3623188405797,34.72753942924978,0.1157486788021139,6570.666666666667,36.58116126011856,0.3240923676400873,6570.666666666667
2023-06-30,49.0,1500.42865,30.62099285714286,0.5,269.23,5.293675734192651,0.4942595023327605,51.94202898550724,13.423464756403565,0.6430222019903327,149.33333333333334,36.88325448178901,0.088521185770518,430.8633879781421,37.13229155776471,0.014353741224153,430.8633879781421,538.6185142374325,0.1368389996702591,6570.666666666667
2023-07-31,29.0,590.962,20.378,3.0,250.0,1.028852858451173,0.4942595023327605,1.6107573594819915,1.3330537612706803,0.5199551192455182,2.256875783593341,1.4801643641132862,0.2830041046506453,2.0669406928948915,2.044337514501948,0.3945977686435701,2.893716970052848,2.4944837324475446,2.052584995053887,2.893716970052848
2023-08-31,52.0,427.9616,8.230030769230769,0.49,99.9908,1.3498095992701702,0.4942595023327605,3.5847133605797983,2.21720578442354,0.5199551192455182,5.595114177029652,2.7142959442318766,0.2830041046506453,9.01944635094944,3.915822422291986,0.0713979513656,9.01944635094944,4.422378355360045,1.1399491094147582,9.01944635094944
2023-09-30,211.0,2421.23944,11.475068436018956,0.25,299.98584,1.342214859562976,0.3369396471979343,5.6179300947181385,3.1361259126104257,0.1209851958544525,176.78923766816143,2.5597036878136725,0.088521185770518,16.071748878923767,5.084067274929747,0.1282865621908679,176.78923766816143,9.402458077542752,0.4561299989008636,176.78923766816143
2023-10-31,26.0,280.8,10.8,0.3,37.4,1.7815148151239153,0.904179014868094,2.893716970052848,2.786296377993474,0.6153231119164295,7.195842443926875,3.257973917698616,2.0378288521498926,5.725387683646166,3.9710996136117327,2.029530001620776,9.01944635094944,5.249766731936153,2.893716970052848,9.01944635094944
2023-11-30,3.0,74.07000000000001,24.69,0.73,72.45,1.7587374108559313,1.1912476312574731,2.893716970052848,1.0954563079571298,0.1963259769092707,2.893716970052848,1.4599861778457488,0.7431207817421993,2.893716970052848,4.621104627789912,1.9501505623674464,9.01944635094944,6.977536557317244,2.893716970052848,9.01944635094944
2023-12-31,9.0,130.59999,14.51111,1.8,54.6,1.5771842496757715,1.308599371226013,1.6107573594819915,2.1237078229801543,1.0583641380746602,2.256875783593341,2.148064994087852,1.368389996702591,2.2455243687610102,2.301148539036596,2.052584995053887,2.893716970052848,2.80025786171963,2.052584995053887,2.893716970052848
2024-01-31,55.0,908.49245,16.518044545454543,0.1,300.0,1.278564700347229,0.1476050651748831,3.5847133605797983,2.0647559414573897,0.052184364281031,7.443757375501534,2.9703755286637032,0.0741978710269961,10.87933770265609,5.216519066132959,0.180857310628303,44.19730941704036,12.797549810477678,0.3215241077836497,176.78923766816143
2024-02-29,18.0,95.88648,5.327026666666667,0.4,25.0,1.3891933997104002,0.5810780332229943,2.30845061998706,1.795762020629417,0.6153231119164295,7.195842443926875,1.684668783737132,0.4336447172649056,5.087892813356094,2.362411841274909,1.368389996702591,7.70752688172043,2.905748040673075,0.749982978961997,9.01944635094944
2024-06-30,,,,,,,,,,,,,,,,,,,,
2024-07-31,,,,,,,,,,,,,,,,,,,,
2024-08-31,,,,,,,,,,,,,,,,,,,,
2024-09-30,,,,,,,,,,,,,,,,,,,,
2024-10-31,,,,,,,,,,,,,,,,,,,,
2024-11-30,,,,,,,,,,,,,,,,,,,,
2024-12-31,,,,,,,,,,,,,,,,,,,,
2025-01-31,,,,,,,,,,,,,,,,,,,,
2025-02-28,,,,,,,,,,,,,,,,,,,,
2025-03-31,,,,,,,,,,,,,,,,,,,,
2025-04-30,,,,,,,,,,,,,,,,,,,,
2025-05-31,,,,,,,,,,,,,,,,,,,,
